company_id,type,rule_id,text,confidence_pct
ABB,pro,P1,Consistently high return on equity above 20% demonstrates exceptional capital efficiency,90
ABB,pro,P2,Strong free cash flow generation over 5 years signals healthy business fundamentals,85
ABB,pro,P6,Net profit compounding at above 20% over 5 years creates significant shareholder value,85
ABB,pro,P7,Very high interest coverage ratio reflects negligible financial stress from debt servicing,80
ABB,pro,P8,Consistent dividend payout backed by positive free cash flow,65
ABB,pro,P9,Earnings per share growing above 15% CAGR indicates strong earnings quality and compounding,80
ABB,pro,P10,Return on equity improving for 3 consecutive years shows strengthening business quality,75
ABB,pro,P11,Revenue growing slower than profits shows improving operating leverage and scale benefits,70
ABB,con,FALLBACK,Debt-to-equity of 0.02 in the latest year is the most notable available watch-point for this company,61
ADANIENSOL,pro,P4,Revenue growing at above 15% CAGR over 5 years reflects strong business momentum,85
ADANIENSOL,pro,P5,Operating profit margin above 25% indicates strong pricing power and cost discipline,80
ADANIENSOL,con,C1,Debt-to-equity ratio of 2.93 is elevated for a non-financial company and warrants monitoring,85
ADANIENSOL,con,C9,Earnings per share declining for 3 consecutive years reflects deteriorating profitability,75
ADANIENSOL,con,C11,Net debt exceeding 3 times EBITDA is a high leverage ratio and limits financial flexibility,70
ADANIENSOL,con,C10,Return on capital employed below 10% suggests the business is not generating sufficient returns on invested capital,80
ADANIENT,pro,P4,Revenue growing at above 15% CAGR over 5 years reflects strong business momentum,85
ADANIENT,pro,P6,Net profit compounding at above 20% over 5 years creates significant shareholder value,85
ADANIENT,pro,P9,Earnings per share growing above 15% CAGR indicates strong earnings quality and compounding,80
ADANIENT,pro,P10,Return on equity improving for 3 consecutive years shows strengthening business quality,75
ADANIENT,pro,P11,Revenue growing slower than profits shows improving operating leverage and scale benefits,70
ADANIENT,con,C11,Net debt exceeding 3 times EBITDA is a high leverage ratio and limits financial flexibility,70
ADANIGREEN,pro,P4,Revenue growing at above 15% CAGR over 5 years reflects strong business momentum,85
ADANIGREEN,pro,P5,Operating profit margin above 25% indicates strong pricing power and cost discipline,80
ADANIGREEN,con,C1,Debt-to-equity ratio of 6.60 is elevated for a non-financial company and warrants monitoring,85
ADANIGREEN,con,C11,Net debt exceeding 3 times EBITDA is a high leverage ratio and limits financial flexibility,70
ADANIPORTS,pro,P4,Revenue growing at above 15% CAGR over 5 years reflects strong business momentum,85
ADANIPORTS,pro,P5,Operating profit margin above 25% indicates strong pricing power and cost discipline,80
ADANIPORTS,pro,P8,Consistent dividend payout backed by positive free cash flow,65
ADANIPORTS,pro,P10,Return on equity improving for 3 consecutive years shows strengthening business quality,75
ADANIPORTS,con,C11,Net debt exceeding 3 times EBITDA is a high leverage ratio and limits financial flexibility,70
ADANIPOWER,pro,P1,Consistently high return on equity above 20% demonstrates exceptional capital efficiency,90
ADANIPOWER,pro,P2,Strong free cash flow generation over 5 years signals healthy business fundamentals,85
ADANIPOWER,pro,P4,Revenue growing at above 15% CAGR over 5 years reflects strong business momentum,85
ADANIPOWER,pro,P5,Operating profit margin above 25% indicates strong pricing power and cost discipline,80
ADANIPOWER,pro,P10,Return on equity improving for 3 consecutive years shows strengthening business quality,75
ADANIPOWER,con,FALLBACK,Debt-to-equity of 0.80 in the latest year is the most notable available watch-point for this company,61
AMBUJACEM,pro,P7,Very high interest coverage ratio reflects negligible financial stress from debt servicing,80
AMBUJACEM,pro,P11,Revenue growing slower than profits shows improving operating leverage and scale benefits,70
AMBUJACEM,con,FALLBACK,Debt-to-equity of 0.02 in the latest year is the most notable available watch-point for this company,61
APOLLOHOSP,pro,P2,Strong free cash flow generation over 5 years signals healthy business fundamentals,85
APOLLOHOSP,pro,P6,Net profit compounding at above 20% over 5 years creates significant shareholder value,85
APOLLOHOSP,pro,P8,Consistent dividend payout backed by positive free cash flow,65
APOLLOHOSP,pro,P9,Earnings per share growing above 15% CAGR indicates strong earnings quality and compounding,80
APOLLOHOSP,pro,P11,Revenue growing slower than profits shows improving operating leverage and scale benefits,70
APOLLOHOSP,con,FALLBACK,Debt-to-equity of 0.77 in the latest year is the most notable available watch-point for this company,61
ASIANPAINT,pro,P1,Consistently high return on equity above 20% demonstrates exceptional capital efficiency,90
ASIANPAINT,pro,P2,Strong free cash flow generation over 5 years signals healthy business fundamentals,85
ASIANPAINT,pro,P6,Net profit compounding at above 20% over 5 years creates significant shareholder value,85
ASIANPAINT,pro,P7,Very high interest coverage ratio reflects negligible financial stress from debt servicing,80
ASIANPAINT,pro,P8,Consistent dividend payout backed by positive free cash flow,65
ASIANPAINT,pro,P9,Earnings per share growing above 15% CAGR indicates strong earnings quality and compounding,80
ASIANPAINT,pro,P10,Return on equity improving for 3 consecutive years shows strengthening business quality,75
ASIANPAINT,pro,P11,Revenue growing slower than profits shows improving operating leverage and scale benefits,70
ASIANPAINT,con,C8,Rising debt-to-equity ratio over 3 years suggests increasing financial leverage risk,75
ATGL,pro,FALLBACK,"Company remained profitable in the latest reported year, the best available signal given limited ratio history",61
ATGL,con,FALLBACK,Insufficient multi-year ratio history to assess risk trend; this itself is a data-coverage limitation worth flagging to an analyst,61
AXISBANK,pro,P5,Operating profit margin above 25% indicates strong pricing power and cost discipline,80
AXISBANK,pro,P6,Net profit compounding at above 20% over 5 years creates significant shareholder value,85
AXISBANK,pro,P9,Earnings per share growing above 15% CAGR indicates strong earnings quality and compounding,80
AXISBANK,pro,P11,Revenue growing slower than profits shows improving operating leverage and scale benefits,70
AXISBANK,con,C1,Debt-to-equity ratio of 8.25 is elevated for a non-financial company and warrants monitoring,85
AXISBANK,con,C11,Net debt exceeding 3 times EBITDA is a high leverage ratio and limits financial flexibility,70
AXISBANK,con,C10,Return on capital employed below 10% suggests the business is not generating sufficient returns on invested capital,80
BAJAJ-AUTO,pro,P1,Consistently high return on equity above 20% demonstrates exceptional capital efficiency,90
BAJAJ-AUTO,pro,P2,Strong free cash flow generation over 5 years signals healthy business fundamentals,85
BAJAJ-AUTO,pro,P7,Very high interest coverage ratio reflects negligible financial stress from debt servicing,80
BAJAJ-AUTO,pro,P8,Consistent dividend payout backed by positive free cash flow,65
BAJAJ-AUTO,pro,P11,Revenue growing slower than profits shows improving operating leverage and scale benefits,70
BAJAJ-AUTO,con,C8,Rising debt-to-equity ratio over 3 years suggests increasing financial leverage risk,75
BAJAJFINSV,pro,P1,Consistently high return on equity above 20% demonstrates exceptional capital efficiency,90
BAJAJFINSV,pro,P4,Revenue growing at above 15% CAGR over 5 years reflects strong business momentum,85
BAJAJFINSV,pro,P5,Operating profit margin above 25% indicates strong pricing power and cost discipline,80
BAJAJFINSV,pro,P6,Net profit compounding at above 20% over 5 years creates significant shareholder value,85
BAJAJFINSV,pro,P9,Earnings per share growing above 15% CAGR indicates strong earnings quality and compounding,80
BAJAJFINSV,pro,P11,Revenue growing slower than profits shows improving operating leverage and scale benefits,70
BAJAJFINSV,con,C1,Debt-to-equity ratio of 4.79 is elevated for a non-financial company and warrants monitoring,85
BAJAJFINSV,con,C2,Free cash flow negative for 3 consecutive years raises concern about cash generation quality,85
BAJAJFINSV,con,C8,Rising debt-to-equity ratio over 3 years suggests increasing financial leverage risk,75
BAJAJFINSV,con,C11,Net debt exceeding 3 times EBITDA is a high leverage ratio and limits financial flexibility,70
BAJAJHLDNG,pro,P4,Revenue growing at above 15% CAGR over 5 years reflects strong business momentum,85
BAJAJHLDNG,pro,P5,Operating profit margin above 25% indicates strong pricing power and cost discipline,80
BAJAJHLDNG,pro,P7,Very high interest coverage ratio reflects negligible financial stress from debt servicing,80
BAJAJHLDNG,pro,P8,Consistent dividend payout backed by positive free cash flow,65
BAJAJHLDNG,pro,P9,Earnings per share growing above 15% CAGR indicates strong earnings quality and compounding,80
BAJAJHLDNG,pro,P10,Return on equity improving for 3 consecutive years shows strengthening business quality,75
BAJAJHLDNG,con,FALLBACK,Debt-to-equity of 0.00 in the latest year is the most notable available watch-point for this company,61
BAJFINANCE,pro,P4,Revenue growing at above 15% CAGR over 5 years reflects strong business momentum,85
BAJFINANCE,pro,P5,Operating profit margin above 25% indicates strong pricing power and cost discipline,80
BAJFINANCE,pro,P6,Net profit compounding at above 20% over 5 years creates significant shareholder value,85
BAJFINANCE,pro,P7,Very high interest coverage ratio reflects negligible financial stress from debt servicing,80
BAJFINANCE,pro,P9,Earnings per share growing above 15% CAGR indicates strong earnings quality and compounding,80
BAJFINANCE,pro,P11,Revenue growing slower than profits shows improving operating leverage and scale benefits,70
BAJFINANCE,con,C1,Debt-to-equity ratio of 3.82 is elevated for a non-financial company and warrants monitoring,85
BAJFINANCE,con,C2,Free cash flow negative for 3 consecutive years raises concern about cash generation quality,85
BAJFINANCE,con,C3,Operating margins declining for 3 consecutive years suggest pricing or cost pressure,75
BAJFINANCE,con,C11,Net debt exceeding 3 times EBITDA is a high leverage ratio and limits financial flexibility,70
BANKBARODA,pro,P4,Revenue growing at above 15% CAGR over 5 years reflects strong business momentum,85
BANKBARODA,pro,P5,Operating profit margin above 25% indicates strong pricing power and cost discipline,80
BANKBARODA,pro,P6,Net profit compounding at above 20% over 5 years creates significant shareholder value,85
BANKBARODA,pro,P9,Earnings per share growing above 15% CAGR indicates strong earnings quality and compounding,80
BANKBARODA,pro,P10,Return on equity improving for 3 consecutive years shows strengthening business quality,75
BANKBARODA,pro,P11,Revenue growing slower than profits shows improving operating leverage and scale benefits,70
BANKBARODA,con,C1,Debt-to-equity ratio of 12.14 is elevated for a non-financial company and warrants monitoring,85
BANKBARODA,con,C3,Operating margins declining for 3 consecutive years suggest pricing or cost pressure,75
BANKBARODA,con,C11,Net debt exceeding 3 times EBITDA is a high leverage ratio and limits financial flexibility,70
BANKBARODA,con,C10,Return on capital employed below 10% suggests the business is not generating sufficient returns on invested capital,80
BEL,pro,P1,Consistently high return on equity above 20% demonstrates exceptional capital efficiency,90
BEL,pro,P7,Very high interest coverage ratio reflects negligible financial stress from debt servicing,80
BEL,pro,P10,Return on equity improving for 3 consecutive years shows strengthening business quality,75
BEL,pro,P11,Revenue growing slower than profits shows improving operating leverage and scale benefits,70
BEL,con,FALLBACK,Debt-to-equity of 0.51 in the latest year is the most notable available watch-point for this company,61
BHARTIARTL,pro,P5,Operating profit margin above 25% indicates strong pricing power and cost discipline,80
BHARTIARTL,pro,P6,Net profit compounding at above 20% over 5 years creates significant shareholder value,85
BHARTIARTL,pro,P8,Consistent dividend payout backed by positive free cash flow,65
BHARTIARTL,pro,P9,Earnings per share growing above 15% CAGR indicates strong earnings quality and compounding,80
BHARTIARTL,pro,P11,Revenue growing slower than profits shows improving operating leverage and scale benefits,70
BHARTIARTL,con,C1,Debt-to-equity ratio of 2.61 is elevated for a non-financial company and warrants monitoring,85
BHEL,con,C8,Rising debt-to-equity ratio over 3 years suggests increasing financial leverage risk,75
BHEL,con,C11,Net debt exceeding 3 times EBITDA is a high leverage ratio and limits financial flexibility,70
BHEL,con,C12,Revenue growing at below 5% over 5 years lags inflation and suggests limited business momentum,70
BHEL,con,C10,Return on capital employed below 10% suggests the business is not generating sufficient returns on invested capital,80
BHEL,pro,FALLBACK,Return on equity of 1.1% in the latest year is the best available signal of business quality for this company,61
BOSCHLTD,pro,P2,Strong free cash flow generation over 5 years signals healthy business fundamentals,85
BOSCHLTD,pro,P7,Very high interest coverage ratio reflects negligible financial stress from debt servicing,80
BOSCHLTD,pro,P8,Consistent dividend payout backed by positive free cash flow,65
BOSCHLTD,pro,P10,Return on equity improving for 3 consecutive years shows strengthening business quality,75
BOSCHLTD,pro,P11,Revenue growing slower than profits shows improving operating leverage and scale benefits,70
BOSCHLTD,con,FALLBACK,Debt-to-equity of 0.00 in the latest year is the most notable available watch-point for this company,61
BPCL,pro,P6,Net profit compounding at above 20% over 5 years creates significant shareholder value,85
BPCL,pro,P7,Very high interest coverage ratio reflects negligible financial stress from debt servicing,80
BPCL,pro,P8,Consistent dividend payout backed by positive free cash flow,65
BPCL,pro,P9,Earnings per share growing above 15% CAGR indicates strong earnings quality and compounding,80
BPCL,pro,P11,Revenue growing slower than profits shows improving operating leverage and scale benefits,70
BPCL,con,FALLBACK,Debt-to-equity of 0.72 in the latest year is the most notable available watch-point for this company,61
BRITANNIA,pro,P1,Consistently high return on equity above 20% demonstrates exceptional capital efficiency,90
BRITANNIA,pro,P7,Very high interest coverage ratio reflects negligible financial stress from debt servicing,80
BRITANNIA,pro,P8,Consistent dividend payout backed by positive free cash flow,65
BRITANNIA,pro,P11,Revenue growing slower than profits shows improving operating leverage and scale benefits,70
BRITANNIA,con,FALLBACK,Debt-to-equity of 0.52 in the latest year is the most notable available watch-point for this company,61
CANBK,pro,P4,Revenue growing at above 15% CAGR over 5 years reflects strong business momentum,85
CANBK,pro,P5,Operating profit margin above 25% indicates strong pricing power and cost discipline,80
CANBK,pro,P6,Net profit compounding at above 20% over 5 years creates significant shareholder value,85
CANBK,pro,P8,Consistent dividend payout backed by positive free cash flow,65
CANBK,pro,P9,Earnings per share growing above 15% CAGR indicates strong earnings quality and compounding,80
CANBK,pro,P10,Return on equity improving for 3 consecutive years shows strengthening business quality,75
CANBK,pro,P11,Revenue growing slower than profits shows improving operating leverage and scale benefits,70
CANBK,con,C1,Debt-to-equity ratio of 14.87 is elevated for a non-financial company and warrants monitoring,85
CANBK,con,C3,Operating margins declining for 3 consecutive years suggest pricing or cost pressure,75
CANBK,con,C11,Net debt exceeding 3 times EBITDA is a high leverage ratio and limits financial flexibility,70
CANBK,con,C10,Return on capital employed below 10% suggests the business is not generating sufficient returns on invested capital,80
CHOLAFIN,pro,P4,Revenue growing at above 15% CAGR over 5 years reflects strong business momentum,85
CHOLAFIN,pro,P5,Operating profit margin above 25% indicates strong pricing power and cost discipline,80
CHOLAFIN,pro,P6,Net profit compounding at above 20% over 5 years creates significant shareholder value,85
CHOLAFIN,pro,P7,Very high interest coverage ratio reflects negligible financial stress from debt servicing,80
CHOLAFIN,pro,P9,Earnings per share growing above 15% CAGR indicates strong earnings quality and compounding,80
CHOLAFIN,pro,P11,Revenue growing slower than profits shows improving operating leverage and scale benefits,70
CHOLAFIN,con,C1,Debt-to-equity ratio of 6.86 is elevated for a non-financial company and warrants monitoring,85
CHOLAFIN,con,C2,Free cash flow negative for 3 consecutive years raises concern about cash generation quality,85
CHOLAFIN,con,C3,Operating margins declining for 3 consecutive years suggest pricing or cost pressure,75
CHOLAFIN,con,C8,Rising debt-to-equity ratio over 3 years suggests increasing financial leverage risk,75
CHOLAFIN,con,C11,Net debt exceeding 3 times EBITDA is a high leverage ratio and limits financial flexibility,70
CIPLA,pro,P2,Strong free cash flow generation over 5 years signals healthy business fundamentals,85
CIPLA,pro,P5,Operating profit margin above 25% indicates strong pricing power and cost discipline,80
CIPLA,pro,P6,Net profit compounding at above 20% over 5 years creates significant shareholder value,85
CIPLA,pro,P7,Very high interest coverage ratio reflects negligible financial stress from debt servicing,80
CIPLA,pro,P8,Consistent dividend payout backed by positive free cash flow,65
CIPLA,pro,P9,Earnings per share growing above 15% CAGR indicates strong earnings quality and compounding,80
CIPLA,pro,P11,Revenue growing slower than profits shows improving operating leverage and scale benefits,70
CIPLA,con,C3,Operating margins declining for 3 consecutive years suggest pricing or cost pressure,75
COALINDIA,pro,P1,Consistently high return on equity above 20% demonstrates exceptional capital efficiency,90
COALINDIA,pro,P2,Strong free cash flow generation over 5 years signals healthy business fundamentals,85
COALINDIA,pro,P5,Operating profit margin above 25% indicates strong pricing power and cost discipline,80
COALINDIA,pro,P7,Very high interest coverage ratio reflects negligible financial stress from debt servicing,80
COALINDIA,pro,P8,Consistent dividend payout backed by positive free cash flow,65
COALINDIA,pro,P9,Earnings per share growing above 15% CAGR indicates strong earnings quality and compounding,80
COALINDIA,pro,P11,Revenue growing slower than profits shows improving operating leverage and scale benefits,70
COALINDIA,con,C3,Operating margins declining for 3 consecutive years suggest pricing or cost pressure,75
DABUR,pro,P2,Strong free cash flow generation over 5 years signals healthy business fundamentals,85
DABUR,pro,P7,Very high interest coverage ratio reflects negligible financial stress from debt servicing,80
DABUR,pro,P8,Consistent dividend payout backed by positive free cash flow,65
DABUR,con,C8,Rising debt-to-equity ratio over 3 years suggests increasing financial leverage risk,75
DIVISLAB,pro,P5,Operating profit margin above 25% indicates strong pricing power and cost discipline,80
DIVISLAB,pro,P7,Very high interest coverage ratio reflects negligible financial stress from debt servicing,80
DIVISLAB,pro,P8,Consistent dividend payout backed by positive free cash flow,65
DIVISLAB,con,C3,Operating margins declining for 3 consecutive years suggest pricing or cost pressure,75
DIVISLAB,con,C9,Earnings per share declining for 3 consecutive years reflects deteriorating profitability,75
DLF,pro,P2,Strong free cash flow generation over 5 years signals healthy business fundamentals,85
DLF,pro,P5,Operating profit margin above 25% indicates strong pricing power and cost discipline,80
DLF,pro,P8,Consistent dividend payout backed by positive free cash flow,65
DLF,pro,P10,Return on equity improving for 3 consecutive years shows strengthening business quality,75
DLF,pro,P11,Revenue growing slower than profits shows improving operating leverage and scale benefits,70
DLF,con,C12,Revenue growing at below 5% over 5 years lags inflation and suggests limited business momentum,70
DLF,con,C10,Return on capital employed below 10% suggests the business is not generating sufficient returns on invested capital,80
DMART,pro,P4,Revenue growing at above 15% CAGR over 5 years reflects strong business momentum,85
DMART,pro,P6,Net profit compounding at above 20% over 5 years creates significant shareholder value,85
DMART,pro,P7,Very high interest coverage ratio reflects negligible financial stress from debt servicing,80
DMART,pro,P9,Earnings per share growing above 15% CAGR indicates strong earnings quality and compounding,80
DMART,pro,P11,Revenue growing slower than profits shows improving operating leverage and scale benefits,70
DMART,con,FALLBACK,Debt-to-equity of 0.03 in the latest year is the most notable available watch-point for this company,61
DRREDDY,pro,P2,Strong free cash flow generation over 5 years signals healthy business fundamentals,85
DRREDDY,pro,P5,Operating profit margin above 25% indicates strong pricing power and cost discipline,80
DRREDDY,pro,P6,Net profit compounding at above 20% over 5 years creates significant shareholder value,85
DRREDDY,pro,P7,Very high interest coverage ratio reflects negligible financial stress from debt servicing,80
DRREDDY,pro,P8,Consistent dividend payout backed by positive free cash flow,65
DRREDDY,pro,P9,Earnings per share growing above 15% CAGR indicates strong earnings quality and compounding,80
DRREDDY,pro,P10,Return on equity improving for 3 consecutive years shows strengthening business quality,75
DRREDDY,pro,P11,Revenue growing slower than profits shows improving operating leverage and scale benefits,70
DRREDDY,con,FALLBACK,Debt-to-equity of 0.07 in the latest year is the most notable available watch-point for this company,61
EICHERMOT,pro,P2,Strong free cash flow generation over 5 years signals healthy business fundamentals,85
EICHERMOT,pro,P5,Operating profit margin above 25% indicates strong pricing power and cost discipline,80
EICHERMOT,pro,P7,Very high interest coverage ratio reflects negligible financial stress from debt servicing,80
EICHERMOT,pro,P8,Consistent dividend payout backed by positive free cash flow,65
EICHERMOT,pro,P10,Return on equity improving for 3 consecutive years shows strengthening business quality,75
EICHERMOT,pro,P11,Revenue growing slower than profits shows improving operating leverage and scale benefits,70
EICHERMOT,con,C8,Rising debt-to-equity ratio over 3 years suggests increasing financial leverage risk,75
GAIL,pro,P7,Very high interest coverage ratio reflects negligible financial stress from debt servicing,80
GAIL,pro,P8,Consistent dividend payout backed by positive free cash flow,65
GAIL,con,C8,Rising debt-to-equity ratio over 3 years suggests increasing financial leverage risk,75
GODREJCP,con,C4,Company reported a net loss in the most recent financial year,95
GODREJCP,con,C9,Earnings per share declining for 3 consecutive years reflects deteriorating profitability,75
GODREJCP,pro,FALLBACK,Return on equity of -4.5% in the latest year is the best available signal of business quality for this company,61
GRASIM,pro,P6,Net profit compounding at above 20% over 5 years creates significant shareholder value,85
GRASIM,pro,P9,Earnings per share growing above 15% CAGR indicates strong earnings quality and compounding,80
GRASIM,pro,P11,Revenue growing slower than profits shows improving operating leverage and scale benefits,70
GRASIM,con,C8,Rising debt-to-equity ratio over 3 years suggests increasing financial leverage risk,75
GRASIM,con,C9,Earnings per share declining for 3 consecutive years reflects deteriorating profitability,75
GRASIM,con,C11,Net debt exceeding 3 times EBITDA is a high leverage ratio and limits financial flexibility,70
GRASIM,con,C10,Return on capital employed below 10% suggests the business is not generating sufficient returns on invested capital,80
HAL,pro,P1,Consistently high return on equity above 20% demonstrates exceptional capital efficiency,90
HAL,pro,P5,Operating profit margin above 25% indicates strong pricing power and cost discipline,80
HAL,pro,P6,Net profit compounding at above 20% over 5 years creates significant shareholder value,85
HAL,pro,P7,Very high interest coverage ratio reflects negligible financial stress from debt servicing,80
HAL,pro,P8,Consistent dividend payout backed by positive free cash flow,65
HAL,pro,P9,Earnings per share growing above 15% CAGR indicates strong earnings quality and compounding,80
HAL,pro,P11,Revenue growing slower than profits shows improving operating leverage and scale benefits,70
HAL,con,C8,Rising debt-to-equity ratio over 3 years suggests increasing financial leverage risk,75
HAVELLS,pro,P7,Very high interest coverage ratio reflects negligible financial stress from debt servicing,80
HAVELLS,pro,P8,Consistent dividend payout backed by positive free cash flow,65
HAVELLS,con,FALLBACK,Debt-to-equity of 0.04 in the latest year is the most notable available watch-point for this company,61
HCLTECH,pro,P1,Consistently high return on equity above 20% demonstrates exceptional capital efficiency,90
HCLTECH,pro,P2,Strong free cash flow generation over 5 years signals healthy business fundamentals,85
HCLTECH,pro,P7,Very high interest coverage ratio reflects negligible financial stress from debt servicing,80
HCLTECH,pro,P8,Consistent dividend payout backed by positive free cash flow,65
HCLTECH,pro,P10,Return on equity improving for 3 consecutive years shows strengthening business quality,75
HCLTECH,con,C3,Operating margins declining for 3 consecutive years suggest pricing or cost pressure,75
HDFCBANK,pro,P4,Revenue growing at above 15% CAGR over 5 years reflects strong business momentum,85
HDFCBANK,pro,P5,Operating profit margin above 25% indicates strong pricing power and cost discipline,80
HDFCBANK,pro,P6,Net profit compounding at above 20% over 5 years creates significant shareholder value,85
HDFCBANK,pro,P8,Consistent dividend payout backed by positive free cash flow,65
HDFCBANK,pro,P9,Earnings per share growing above 15% CAGR indicates strong earnings quality and compounding,80
HDFCBANK,pro,P11,Revenue growing slower than profits shows improving operating leverage and scale benefits,70
HDFCBANK,con,C1,Debt-to-equity ratio of 6.81 is elevated for a non-financial company and warrants monitoring,85
HDFCBANK,con,C6,Interest coverage ratio below 1.5x indicates the company is at risk of not meeting its debt obligations,90
HDFCBANK,con,C11,Net debt exceeding 3 times EBITDA is a high leverage ratio and limits financial flexibility,70
HDFCBANK,con,C10,Return on capital employed below 10% suggests the business is not generating sufficient returns on invested capital,80
HDFCLIFE,pro,P4,Revenue growing at above 15% CAGR over 5 years reflects strong business momentum,85
HDFCLIFE,pro,P5,Operating profit margin above 25% indicates strong pricing power and cost discipline,80
HDFCLIFE,pro,P7,Very high interest coverage ratio reflects negligible financial stress from debt servicing,80
HDFCLIFE,pro,P10,Return on equity improving for 3 consecutive years shows strengthening business quality,75
HDFCLIFE,con,C10,Return on capital employed below 10% suggests the business is not generating sufficient returns on invested capital,80
HEROMOTOCO,pro,P2,Strong free cash flow generation over 5 years signals healthy business fundamentals,85
HEROMOTOCO,pro,P5,Operating profit margin above 25% indicates strong pricing power and cost discipline,80
HEROMOTOCO,pro,P7,Very high interest coverage ratio reflects negligible financial stress from debt servicing,80
HEROMOTOCO,pro,P8,Consistent dividend payout backed by positive free cash flow,65
HEROMOTOCO,pro,P10,Return on equity improving for 3 consecutive years shows strengthening business quality,75
HEROMOTOCO,con,C3,Operating margins declining for 3 consecutive years suggest pricing or cost pressure,75
HEROMOTOCO,con,C12,Revenue growing at below 5% over 5 years lags inflation and suggests limited business momentum,70
HINDALCO,pro,P5,Operating profit margin above 25% indicates strong pricing power and cost discipline,80
HINDALCO,pro,P7,Very high interest coverage ratio reflects negligible financial stress from debt servicing,80
HINDALCO,pro,P8,Consistent dividend payout backed by positive free cash flow,65
HINDALCO,pro,P11,Revenue growing slower than profits shows improving operating leverage and scale benefits,70
HINDALCO,con,C9,Earnings per share declining for 3 consecutive years reflects deteriorating profitability,75
HINDUNILVR,pro,P2,Strong free cash flow generation over 5 years signals healthy business fundamentals,85
HINDUNILVR,pro,P5,Operating profit margin above 25% indicates strong pricing power and cost discipline,80
HINDUNILVR,pro,P7,Very high interest coverage ratio reflects negligible financial stress from debt servicing,80
HINDUNILVR,pro,P8,Consistent dividend payout backed by positive free cash flow,65
HINDUNILVR,pro,P11,Revenue growing slower than profits shows improving operating leverage and scale benefits,70
HINDUNILVR,con,C8,Rising debt-to-equity ratio over 3 years suggests increasing financial leverage risk,75
ICICIBANK,pro,P4,Revenue growing at above 15% CAGR over 5 years reflects strong business momentum,85
ICICIBANK,pro,P5,Operating profit margin above 25% indicates strong pricing power and cost discipline,80
ICICIBANK,pro,P6,Net profit compounding at above 20% over 5 years creates significant shareholder value,85
ICICIBANK,pro,P8,Consistent dividend payout backed by positive free cash flow,65
ICICIBANK,pro,P9,Earnings per share growing above 15% CAGR indicates strong earnings quality and compounding,80
ICICIBANK,pro,P10,Return on equity improving for 3 consecutive years shows strengthening business quality,75
ICICIBANK,pro,P11,Revenue growing slower than profits shows improving operating leverage and scale benefits,70
ICICIBANK,con,C1,Debt-to-equity ratio of 6.45 is elevated for a non-financial company and warrants monitoring,85
ICICIBANK,con,C3,Operating margins declining for 3 consecutive years suggest pricing or cost pressure,75
ICICIBANK,con,C6,Interest coverage ratio below 1.5x indicates the company is at risk of not meeting its debt obligations,90
ICICIBANK,con,C11,Net debt exceeding 3 times EBITDA is a high leverage ratio and limits financial flexibility,70
ICICIBANK,con,C10,Return on capital employed below 10% suggests the business is not generating sufficient returns on invested capital,80
ICICIGI,pro,P2,Strong free cash flow generation over 5 years signals healthy business fundamentals,85
ICICIGI,pro,P5,Operating profit margin above 25% indicates strong pricing power and cost discipline,80
ICICIGI,pro,P7,Very high interest coverage ratio reflects negligible financial stress from debt servicing,80
ICICIGI,pro,P8,Consistent dividend payout backed by positive free cash flow,65
ICICIGI,con,C3,Operating margins declining for 3 consecutive years suggest pricing or cost pressure,75
ICICIPRULI,pro,P4,Revenue growing at above 15% CAGR over 5 years reflects strong business momentum,85
ICICIPRULI,pro,P5,Operating profit margin above 25% indicates strong pricing power and cost discipline,80
ICICIPRULI,pro,P7,Very high interest coverage ratio reflects negligible financial stress from debt servicing,80
ICICIPRULI,pro,P8,Consistent dividend payout backed by positive free cash flow,65
ICICIPRULI,con,C10,Return on capital employed below 10% suggests the business is not generating sufficient returns on invested capital,80
INDIGO,pro,P2,Strong free cash flow generation over 5 years signals healthy business fundamentals,85
INDIGO,pro,P4,Revenue growing at above 15% CAGR over 5 years reflects strong business momentum,85
INDIGO,pro,P5,Operating profit margin above 25% indicates strong pricing power and cost discipline,80
INDIGO,pro,P6,Net profit compounding at above 20% over 5 years creates significant shareholder value,85
INDIGO,pro,P7,Very high interest coverage ratio reflects negligible financial stress from debt servicing,80
INDIGO,pro,P9,Earnings per share growing above 15% CAGR indicates strong earnings quality and compounding,80
INDIGO,pro,P10,Return on equity improving for 3 consecutive years shows strengthening business quality,75
INDIGO,pro,P11,Revenue growing slower than profits shows improving operating leverage and scale benefits,70
INDIGO,con,C3,Operating margins declining for 3 consecutive years suggest pricing or cost pressure,75
INDUSINDBK,pro,P4,Revenue growing at above 15% CAGR over 5 years reflects strong business momentum,85
INDUSINDBK,pro,P5,Operating profit margin above 25% indicates strong pricing power and cost discipline,80
INDUSINDBK,pro,P6,Net profit compounding at above 20% over 5 years creates significant shareholder value,85
INDUSINDBK,pro,P9,Earnings per share growing above 15% CAGR indicates strong earnings quality and compounding,80
INDUSINDBK,pro,P10,Return on equity improving for 3 consecutive years shows strengthening business quality,75
INDUSINDBK,pro,P11,Revenue growing slower than profits shows improving operating leverage and scale benefits,70
INDUSINDBK,con,C1,Debt-to-equity ratio of 6.89 is elevated for a non-financial company and warrants monitoring,85
INDUSINDBK,con,C3,Operating margins declining for 3 consecutive years suggest pricing or cost pressure,75
INDUSINDBK,con,C11,Net debt exceeding 3 times EBITDA is a high leverage ratio and limits financial flexibility,70
INDUSINDBK,con,C10,Return on capital employed below 10% suggests the business is not generating sufficient returns on invested capital,80
INFY,pro,P1,Consistently high return on equity above 20% demonstrates exceptional capital efficiency,90
INFY,pro,P2,Strong free cash flow generation over 5 years signals healthy business fundamentals,85
INFY,pro,P7,Very high interest coverage ratio reflects negligible financial stress from debt servicing,80
INFY,con,C3,Operating margins declining for 3 consecutive years suggest pricing or cost pressure,75
IOC,pro,P6,Net profit compounding at above 20% over 5 years creates significant shareholder value,85
IOC,pro,P7,Very high interest coverage ratio reflects negligible financial stress from debt servicing,80
IOC,pro,P8,Consistent dividend payout backed by positive free cash flow,65
IOC,pro,P9,Earnings per share growing above 15% CAGR indicates strong earnings quality and compounding,80
IOC,pro,P11,Revenue growing slower than profits shows improving operating leverage and scale benefits,70
IOC,con,FALLBACK,Debt-to-equity of 0.72 in the latest year is the most notable available watch-point for this company,61
IRCTC,pro,P1,Consistently high return on equity above 20% demonstrates exceptional capital efficiency,90
IRCTC,pro,P4,Revenue growing at above 15% CAGR over 5 years reflects strong business momentum,85
IRCTC,pro,P5,Operating profit margin above 25% indicates strong pricing power and cost discipline,80
IRCTC,pro,P6,Net profit compounding at above 20% over 5 years creates significant shareholder value,85
IRCTC,pro,P7,Very high interest coverage ratio reflects negligible financial stress from debt servicing,80
IRCTC,pro,P8,Consistent dividend payout backed by positive free cash flow,65
IRCTC,pro,P9,Earnings per share growing above 15% CAGR indicates strong earnings quality and compounding,80
IRCTC,pro,P11,Revenue growing slower than profits shows improving operating leverage and scale benefits,70
IRCTC,con,C3,Operating margins declining for 3 consecutive years suggest pricing or cost pressure,75
IRFC,pro,P4,Revenue growing at above 15% CAGR over 5 years reflects strong business momentum,85
IRFC,pro,P5,Operating profit margin above 25% indicates strong pricing power and cost discipline,80
IRFC,pro,P6,Net profit compounding at above 20% over 5 years creates significant shareholder value,85
IRFC,pro,P8,Consistent dividend payout backed by positive free cash flow,65
IRFC,pro,P9,Earnings per share growing above 15% CAGR indicates strong earnings quality and compounding,80
IRFC,pro,P11,Revenue growing slower than profits shows improving operating leverage and scale benefits,70
IRFC,con,C1,Debt-to-equity ratio of 8.38 is elevated for a non-financial company and warrants monitoring,85
IRFC,con,C6,Interest coverage ratio below 1.5x indicates the company is at risk of not meeting its debt obligations,90
IRFC,con,C11,Net debt exceeding 3 times EBITDA is a high leverage ratio and limits financial flexibility,70
IRFC,con,C10,Return on capital employed below 10% suggests the business is not generating sufficient returns on invested capital,80
ITC,pro,P1,Consistently high return on equity above 20% demonstrates exceptional capital efficiency,90
ITC,pro,P2,Strong free cash flow generation over 5 years signals healthy business fundamentals,85
ITC,pro,P5,Operating profit margin above 25% indicates strong pricing power and cost discipline,80
ITC,pro,P7,Very high interest coverage ratio reflects negligible financial stress from debt servicing,80
ITC,pro,P8,Consistent dividend payout backed by positive free cash flow,65
ITC,pro,P11,Revenue growing slower than profits shows improving operating leverage and scale benefits,70
ITC,con,FALLBACK,Debt-to-equity of 0.00 in the latest year is the most notable available watch-point for this company,61
JINDALSTEL,con,C12,Revenue growing at below 5% over 5 years lags inflation and suggests limited business momentum,70
JINDALSTEL,pro,FALLBACK,Return on equity of 13.4% in the latest year is the best available signal of business quality for this company,61
JIOFIN,pro,P3,Debt-free balance sheet provides financial flexibility and eliminates interest burden,95
JIOFIN,pro,P5,Operating profit margin above 25% indicates strong pricing power and cost discipline,80
JIOFIN,pro,P7,Very high interest coverage ratio reflects negligible financial stress from debt servicing,80
JIOFIN,con,C10,Return on capital employed below 10% suggests the business is not generating sufficient returns on invested capital,80
JSWENERGY,pro,P5,Operating profit margin above 25% indicates strong pricing power and cost discipline,80
JSWENERGY,pro,P6,Net profit compounding at above 20% over 5 years creates significant shareholder value,85
JSWENERGY,pro,P9,Earnings per share growing above 15% CAGR indicates strong earnings quality and compounding,80
JSWENERGY,pro,P11,Revenue growing slower than profits shows improving operating leverage and scale benefits,70
JSWENERGY,con,C8,Rising debt-to-equity ratio over 3 years suggests increasing financial leverage risk,75
JSWENERGY,con,C11,Net debt exceeding 3 times EBITDA is a high leverage ratio and limits financial flexibility,70
JSWENERGY,con,C12,Revenue growing at below 5% over 5 years lags inflation and suggests limited business momentum,70
JSWENERGY,con,C10,Return on capital employed below 10% suggests the business is not generating sufficient returns on invested capital,80
JSWSTEEL,pro,P4,Revenue growing at above 15% CAGR over 5 years reflects strong business momentum,85
JSWSTEEL,con,C11,Net debt exceeding 3 times EBITDA is a high leverage ratio and limits financial flexibility,70
KOTAKBANK,pro,P5,Operating profit margin above 25% indicates strong pricing power and cost discipline,80
KOTAKBANK,pro,P6,Net profit compounding at above 20% over 5 years creates significant shareholder value,85
KOTAKBANK,pro,P8,Consistent dividend payout backed by positive free cash flow,65
KOTAKBANK,pro,P9,Earnings per share growing above 15% CAGR indicates strong earnings quality and compounding,80
KOTAKBANK,pro,P10,Return on equity improving for 3 consecutive years shows strengthening business quality,75
KOTAKBANK,pro,P11,Revenue growing slower than profits shows improving operating leverage and scale benefits,70
KOTAKBANK,con,C1,Debt-to-equity ratio of 4.00 is elevated for a non-financial company and warrants monitoring,85
KOTAKBANK,con,C6,Interest coverage ratio below 1.5x indicates the company is at risk of not meeting its debt obligations,90
KOTAKBANK,con,C11,Net debt exceeding 3 times EBITDA is a high leverage ratio and limits financial flexibility,70
KOTAKBANK,con,C10,Return on capital employed below 10% suggests the business is not generating sufficient returns on invested capital,80
LICI,pro,P1,Consistently high return on equity above 20% demonstrates exceptional capital efficiency,90
LICI,pro,P2,Strong free cash flow generation over 5 years signals healthy business fundamentals,85
LICI,pro,P3,Debt-free balance sheet provides financial flexibility and eliminates interest burden,95
LICI,pro,P6,Net profit compounding at above 20% over 5 years creates significant shareholder value,85
LICI,pro,P7,Very high interest coverage ratio reflects negligible financial stress from debt servicing,80
LICI,pro,P8,Consistent dividend payout backed by positive free cash flow,65
LICI,pro,P11,Revenue growing slower than profits shows improving operating leverage and scale benefits,70
LICI,con,FALLBACK,Insufficient multi-year ratio history to assess risk trend; this itself is a data-coverage limitation worth flagging to an analyst,61
LODHA,pro,P5,Operating profit margin above 25% indicates strong pricing power and cost discipline,80
LODHA,pro,P11,Revenue growing slower than profits shows improving operating leverage and scale benefits,70
LODHA,con,C12,Revenue growing at below 5% over 5 years lags inflation and suggests limited business momentum,70
LT,pro,P1,Consistently high return on equity above 20% demonstrates exceptional capital efficiency,90
LT,pro,P8,Consistent dividend payout backed by positive free cash flow,65
LT,pro,P10,Return on equity improving for 3 consecutive years shows strengthening business quality,75
LT,con,C3,Operating margins declining for 3 consecutive years suggest pricing or cost pressure,75
LT,con,C8,Rising debt-to-equity ratio over 3 years suggests increasing financial leverage risk,75
LTIM,pro,P1,Consistently high return on equity above 20% demonstrates exceptional capital efficiency,90
LTIM,pro,P2,Strong free cash flow generation over 5 years signals healthy business fundamentals,85
LTIM,pro,P4,Revenue growing at above 15% CAGR over 5 years reflects strong business momentum,85
LTIM,pro,P6,Net profit compounding at above 20% over 5 years creates significant shareholder value,85
LTIM,pro,P7,Very high interest coverage ratio reflects negligible financial stress from debt servicing,80
LTIM,pro,P8,Consistent dividend payout backed by positive free cash flow,65
LTIM,con,C3,Operating margins declining for 3 consecutive years suggest pricing or cost pressure,75
LTIM,con,C8,Rising debt-to-equity ratio over 3 years suggests increasing financial leverage risk,75
M&M,pro,P9,Earnings per share growing above 15% CAGR indicates strong earnings quality and compounding,80
M&M,pro,P11,Revenue growing slower than profits shows improving operating leverage and scale benefits,70
M&M,con,C11,Net debt exceeding 3 times EBITDA is a high leverage ratio and limits financial flexibility,70
MARUTI,pro,P2,Strong free cash flow generation over 5 years signals healthy business fundamentals,85
MARUTI,pro,P7,Very high interest coverage ratio reflects negligible financial stress from debt servicing,80
MARUTI,pro,P8,Consistent dividend payout backed by positive free cash flow,65
MARUTI,pro,P10,Return on equity improving for 3 consecutive years shows strengthening business quality,75
MARUTI,pro,P11,Revenue growing slower than profits shows improving operating leverage and scale benefits,70
MARUTI,con,FALLBACK,Debt-to-equity of 0.00 in the latest year is the most notable available watch-point for this company,61
MOTHERSON,pro,P2,Strong free cash flow generation over 5 years signals healthy business fundamentals,85
MOTHERSON,pro,P8,Consistent dividend payout backed by positive free cash flow,65
MOTHERSON,pro,P10,Return on equity improving for 3 consecutive years shows strengthening business quality,75
MOTHERSON,con,FALLBACK,Debt-to-equity of 0.76 in the latest year is the most notable available watch-point for this company,61
NAUKRI,pro,P4,Revenue growing at above 15% CAGR over 5 years reflects strong business momentum,85
NAUKRI,pro,P5,Operating profit margin above 25% indicates strong pricing power and cost discipline,80
NAUKRI,pro,P7,Very high interest coverage ratio reflects negligible financial stress from debt servicing,80
NAUKRI,con,C8,Rising debt-to-equity ratio over 3 years suggests increasing financial leverage risk,75
NAUKRI,con,C10,Return on capital employed below 10% suggests the business is not generating sufficient returns on invested capital,80
NESTLEIND,pro,P1,Consistently high return on equity above 20% demonstrates exceptional capital efficiency,90
NESTLEIND,pro,P2,Strong free cash flow generation over 5 years signals healthy business fundamentals,85
NESTLEIND,pro,P7,Very high interest coverage ratio reflects negligible financial stress from debt servicing,80
NESTLEIND,pro,P8,Consistent dividend payout backed by positive free cash flow,65
NESTLEIND,pro,P9,Earnings per share growing above 15% CAGR indicates strong earnings quality and compounding,80
NESTLEIND,pro,P11,Revenue growing slower than profits shows improving operating leverage and scale benefits,70
NESTLEIND,con,FALLBACK,Debt-to-equity of 0.10 in the latest year is the most notable available watch-point for this company,61
NHPC,pro,P2,Strong free cash flow generation over 5 years signals healthy business fundamentals,85
NHPC,pro,P5,Operating profit margin above 25% indicates strong pricing power and cost discipline,80
NHPC,pro,P7,Very high interest coverage ratio reflects negligible financial stress from debt servicing,80
NHPC,pro,P8,Consistent dividend payout backed by positive free cash flow,65
NHPC,pro,P11,Revenue growing slower than profits shows improving operating leverage and scale benefits,70
NHPC,con,C8,Rising debt-to-equity ratio over 3 years suggests increasing financial leverage risk,75
NHPC,con,C11,Net debt exceeding 3 times EBITDA is a high leverage ratio and limits financial flexibility,70
NHPC,con,C12,Revenue growing at below 5% over 5 years lags inflation and suggests limited business momentum,70
NHPC,con,C10,Return on capital employed below 10% suggests the business is not generating sufficient returns on invested capital,80
NTPC,pro,P5,Operating profit margin above 25% indicates strong pricing power and cost discipline,80
NTPC,pro,P8,Consistent dividend payout backed by positive free cash flow,65
NTPC,con,C11,Net debt exceeding 3 times EBITDA is a high leverage ratio and limits financial flexibility,70
ONGC,pro,P2,Strong free cash flow generation over 5 years signals healthy business fundamentals,85
ONGC,pro,P7,Very high interest coverage ratio reflects negligible financial stress from debt servicing,80
ONGC,pro,P8,Consistent dividend payout backed by positive free cash flow,65
ONGC,pro,P11,Revenue growing slower than profits shows improving operating leverage and scale benefits,70
ONGC,con,FALLBACK,Debt-to-equity of 0.45 in the latest year is the most notable available watch-point for this company,61
PFC,pro,P1,Consistently high return on equity above 20% demonstrates exceptional capital efficiency,90
PFC,pro,P5,Operating profit margin above 25% indicates strong pricing power and cost discipline,80
PFC,pro,P11,Revenue growing slower than profits shows improving operating leverage and scale benefits,70
PFC,con,C1,Debt-to-equity ratio of 8.52 is elevated for a non-financial company and warrants monitoring,85
PFC,con,C6,Interest coverage ratio below 1.5x indicates the company is at risk of not meeting its debt obligations,90
PFC,con,C11,Net debt exceeding 3 times EBITDA is a high leverage ratio and limits financial flexibility,70
PFC,con,C10,Return on capital employed below 10% suggests the business is not generating sufficient returns on invested capital,80
PIDILITIND,pro,P7,Very high interest coverage ratio reflects negligible financial stress from debt servicing,80
PIDILITIND,pro,P8,Consistent dividend payout backed by positive free cash flow,65
PIDILITIND,pro,P11,Revenue growing slower than profits shows improving operating leverage and scale benefits,70
PIDILITIND,con,FALLBACK,Debt-to-equity of 0.05 in the latest year is the most notable available watch-point for this company,61
PNB,pro,P1,Consistently high return on equity above 20% demonstrates exceptional capital efficiency,90
PNB,pro,P4,Revenue growing at above 15% CAGR over 5 years reflects strong business momentum,85
PNB,con,C1,Debt-to-equity ratio of 3.68 is elevated for a non-financial company and warrants monitoring,85
PNB,con,C10,Return on capital employed below 10% suggests the business is not generating sufficient returns on invested capital,80
POWERGRID,pro,P2,Strong free cash flow generation over 5 years signals healthy business fundamentals,85
POWERGRID,pro,P5,Operating profit margin above 25% indicates strong pricing power and cost discipline,80
POWERGRID,pro,P8,Consistent dividend payout backed by positive free cash flow,65
POWERGRID,pro,P11,Revenue growing slower than profits shows improving operating leverage and scale benefits,70
POWERGRID,con,C9,Earnings per share declining for 3 consecutive years reflects deteriorating profitability,75
POWERGRID,con,C11,Net debt exceeding 3 times EBITDA is a high leverage ratio and limits financial flexibility,70
RECLTD,pro,P5,Operating profit margin above 25% indicates strong pricing power and cost discipline,80
RECLTD,pro,P9,Earnings per share growing above 15% CAGR indicates strong earnings quality and compounding,80
RECLTD,pro,P11,Revenue growing slower than profits shows improving operating leverage and scale benefits,70
RECLTD,con,C1,Debt-to-equity ratio of 6.42 is elevated for a non-financial company and warrants monitoring,85
RECLTD,con,C2,Free cash flow negative for 3 consecutive years raises concern about cash generation quality,85
RECLTD,con,C11,Net debt exceeding 3 times EBITDA is a high leverage ratio and limits financial flexibility,70
RELIANCE,pro,P8,Consistent dividend payout backed by positive free cash flow,65
RELIANCE,pro,P11,Revenue growing slower than profits shows improving operating leverage and scale benefits,70
RELIANCE,con,C10,Return on capital employed below 10% suggests the business is not generating sufficient returns on invested capital,80
SBILIFE,pro,P3,Debt-free balance sheet provides financial flexibility and eliminates interest burden,95
SBILIFE,pro,P4,Revenue growing at above 15% CAGR over 5 years reflects strong business momentum,85
SBILIFE,pro,P7,Very high interest coverage ratio reflects negligible financial stress from debt servicing,80
SBILIFE,con,FALLBACK,Insufficient multi-year ratio history to assess risk trend; this itself is a data-coverage limitation worth flagging to an analyst,61
SBIN,con,C10,Return on capital employed below 10% suggests the business is not generating sufficient returns on invested capital,80
SBIN,pro,FALLBACK,"Company remained profitable in the latest reported year, the best available signal given limited ratio history",61
SHREECEM,pro,P7,Very high interest coverage ratio reflects negligible financial stress from debt servicing,80
SHREECEM,pro,P8,Consistent dividend payout backed by positive free cash flow,65
SHREECEM,pro,P11,Revenue growing slower than profits shows improving operating leverage and scale benefits,70
SHREECEM,con,FALLBACK,Debt-to-equity of 0.08 in the latest year is the most notable available watch-point for this company,61
SHRIRAMFIN,pro,P4,Revenue growing at above 15% CAGR over 5 years reflects strong business momentum,85
SHRIRAMFIN,pro,P5,Operating profit margin above 25% indicates strong pricing power and cost discipline,80
SHRIRAMFIN,pro,P6,Net profit compounding at above 20% over 5 years creates significant shareholder value,85
SHRIRAMFIN,pro,P10,Return on equity improving for 3 consecutive years shows strengthening business quality,75
SHRIRAMFIN,pro,P11,Revenue growing slower than profits shows improving operating leverage and scale benefits,70
SHRIRAMFIN,con,C1,Debt-to-equity ratio of 3.99 is elevated for a non-financial company and warrants monitoring,85
SHRIRAMFIN,con,C2,Free cash flow negative for 3 consecutive years raises concern about cash generation quality,85
SHRIRAMFIN,con,C6,Interest coverage ratio below 1.5x indicates the company is at risk of not meeting its debt obligations,90
SHRIRAMFIN,con,C11,Net debt exceeding 3 times EBITDA is a high leverage ratio and limits financial flexibility,70
SIEMENS,pro,P7,Very high interest coverage ratio reflects negligible financial stress from debt servicing,80
SIEMENS,pro,P8,Consistent dividend payout backed by positive free cash flow,65
SIEMENS,pro,P9,Earnings per share growing above 15% CAGR indicates strong earnings quality and compounding,80
SIEMENS,pro,P10,Return on equity improving for 3 consecutive years shows strengthening business quality,75
SIEMENS,pro,P11,Revenue growing slower than profits shows improving operating leverage and scale benefits,70
SIEMENS,con,FALLBACK,Debt-to-equity of 0.02 in the latest year is the most notable available watch-point for this company,61
SUNPHARMA,pro,P5,Operating profit margin above 25% indicates strong pricing power and cost discipline,80
SUNPHARMA,pro,P6,Net profit compounding at above 20% over 5 years creates significant shareholder value,85
SUNPHARMA,pro,P7,Very high interest coverage ratio reflects negligible financial stress from debt servicing,80
SUNPHARMA,pro,P8,Consistent dividend payout backed by positive free cash flow,65
SUNPHARMA,pro,P9,Earnings per share growing above 15% CAGR indicates strong earnings quality and compounding,80
SUNPHARMA,pro,P11,Revenue growing slower than profits shows improving operating leverage and scale benefits,70
SUNPHARMA,con,FALLBACK,Debt-to-equity of 0.05 in the latest year is the most notable available watch-point for this company,61
TATACONSUM,pro,P2,Strong free cash flow generation over 5 years signals healthy business fundamentals,85
TATACONSUM,pro,P4,Revenue growing at above 15% CAGR over 5 years reflects strong business momentum,85
TATACONSUM,pro,P6,Net profit compounding at above 20% over 5 years creates significant shareholder value,85
TATACONSUM,pro,P7,Very high interest coverage ratio reflects negligible financial stress from debt servicing,80
TATACONSUM,pro,P8,Consistent dividend payout backed by positive free cash flow,65
TATACONSUM,pro,P11,Revenue growing slower than profits shows improving operating leverage and scale benefits,70
TATACONSUM,con,C8,Rising debt-to-equity ratio over 3 years suggests increasing financial leverage risk,75
TATAMOTORS,pro,P8,Consistent dividend payout backed by positive free cash flow,65
TATAMOTORS,pro,P10,Return on equity improving for 3 consecutive years shows strengthening business quality,75
TATAMOTORS,con,FALLBACK,Debt-to-equity of 1.26 in the latest year is the most notable available watch-point for this company,61
TATAPOWER,pro,P4,Revenue growing at above 15% CAGR over 5 years reflects strong business momentum,85
TATAPOWER,pro,P8,Consistent dividend payout backed by positive free cash flow,65
TATAPOWER,pro,P10,Return on equity improving for 3 consecutive years shows strengthening business quality,75
TATAPOWER,con,C11,Net debt exceeding 3 times EBITDA is a high leverage ratio and limits financial flexibility,70
TATASTEEL,pro,P2,Strong free cash flow generation over 5 years signals healthy business fundamentals,85
TATASTEEL,con,C3,Operating margins declining for 3 consecutive years suggest pricing or cost pressure,75
TATASTEEL,con,C4,Company reported a net loss in the most recent financial year,95
TATASTEEL,con,C5,Revenue contraction over 2 consecutive years indicates demand weakness or market share loss,80
TATASTEEL,con,C8,Rising debt-to-equity ratio over 3 years suggests increasing financial leverage risk,75
TATASTEEL,con,C9,Earnings per share declining for 3 consecutive years reflects deteriorating profitability,75
TATASTEEL,con,C11,Net debt exceeding 3 times EBITDA is a high leverage ratio and limits financial flexibility,70
TATASTEEL,con,C10,Return on capital employed below 10% suggests the business is not generating sufficient returns on invested capital,80
TCS,pro,P1,Consistently high return on equity above 20% demonstrates exceptional capital efficiency,90
TCS,pro,P2,Strong free cash flow generation over 5 years signals healthy business fundamentals,85
TCS,pro,P5,Operating profit margin above 25% indicates strong pricing power and cost discipline,80
TCS,pro,P7,Very high interest coverage ratio reflects negligible financial stress from debt servicing,80
TCS,pro,P8,Consistent dividend payout backed by positive free cash flow,65
TCS,pro,P10,Return on equity improving for 3 consecutive years shows strengthening business quality,75
TCS,con,FALLBACK,Debt-to-equity of 0.09 in the latest year is the most notable available watch-point for this company,61
TECHM,pro,P2,Strong free cash flow generation over 5 years signals healthy business fundamentals,85
TECHM,pro,P7,Very high interest coverage ratio reflects negligible financial stress from debt servicing,80
TECHM,pro,P8,Consistent dividend payout backed by positive free cash flow,65
TECHM,con,C3,Operating margins declining for 3 consecutive years suggest pricing or cost pressure,75
TECHM,con,C7,"Dividend payout ratio above 100% means the company is paying dividends from reserves, which is unsustainable",80
TECHM,con,C9,Earnings per share declining for 3 consecutive years reflects deteriorating profitability,75
TITAN,pro,P1,Consistently high return on equity above 20% demonstrates exceptional capital efficiency,90
TITAN,pro,P4,Revenue growing at above 15% CAGR over 5 years reflects strong business momentum,85
TITAN,pro,P6,Net profit compounding at above 20% over 5 years creates significant shareholder value,85
TITAN,pro,P8,Consistent dividend payout backed by positive free cash flow,65
TITAN,pro,P9,Earnings per share growing above 15% CAGR indicates strong earnings quality and compounding,80
TITAN,pro,P10,Return on equity improving for 3 consecutive years shows strengthening business quality,75
TITAN,con,C8,Rising debt-to-equity ratio over 3 years suggests increasing financial leverage risk,75
TORNTPHARM,pro,P2,Strong free cash flow generation over 5 years signals healthy business fundamentals,85
TORNTPHARM,pro,P5,Operating profit margin above 25% indicates strong pricing power and cost discipline,80
TORNTPHARM,pro,P6,Net profit compounding at above 20% over 5 years creates significant shareholder value,85
TORNTPHARM,pro,P8,Consistent dividend payout backed by positive free cash flow,65
TORNTPHARM,pro,P9,Earnings per share growing above 15% CAGR indicates strong earnings quality and compounding,80
TORNTPHARM,pro,P10,Return on equity improving for 3 consecutive years shows strengthening business quality,75
TORNTPHARM,pro,P11,Revenue growing slower than profits shows improving operating leverage and scale benefits,70
TORNTPHARM,con,FALLBACK,Debt-to-equity of 0.59 in the latest year is the most notable available watch-point for this company,61
TRENT,pro,P4,Revenue growing at above 15% CAGR over 5 years reflects strong business momentum,85
TRENT,pro,P6,Net profit compounding at above 20% over 5 years creates significant shareholder value,85
TRENT,pro,P8,Consistent dividend payout backed by positive free cash flow,65
TRENT,pro,P9,Earnings per share growing above 15% CAGR indicates strong earnings quality and compounding,80
TRENT,pro,P10,Return on equity improving for 3 consecutive years shows strengthening business quality,75
TRENT,pro,P11,Revenue growing slower than profits shows improving operating leverage and scale benefits,70
TRENT,con,FALLBACK,Debt-to-equity of 0.43 in the latest year is the most notable available watch-point for this company,61
TVSMOTOR,pro,P9,Earnings per share growing above 15% CAGR indicates strong earnings quality and compounding,80
TVSMOTOR,pro,P10,Return on equity improving for 3 consecutive years shows strengthening business quality,75
TVSMOTOR,pro,P11,Revenue growing slower than profits shows improving operating leverage and scale benefits,70
TVSMOTOR,con,C1,Debt-to-equity ratio of 3.83 is elevated for a non-financial company and warrants monitoring,85
TVSMOTOR,con,C2,Free cash flow negative for 3 consecutive years raises concern about cash generation quality,85
TVSMOTOR,con,C11,Net debt exceeding 3 times EBITDA is a high leverage ratio and limits financial flexibility,70
